{
  "preference_stats": {
    "train_rows": 8891,
    "pairs_built": 6396,
    "pairs_skipped_tie": 2495,
    "pairs_skipped_empty": 0,
    "logit_margin_threshold": 1.0
  },
  "logit_probe": {
    "n_samples": 512,
    "mean_abs_logit_diff": 2.4227244169996993,
    "median_abs_logit_diff": 1.7991647124290466,
    "p25_abs_logit_diff": 0.8724294900894165,
    "p75_abs_logit_diff": 3.355437323451042,
    "max_abs_logit_diff": 11.23760199546814
  },
  "training_monitor": {
    "n_monitor_samples": 276,
    "step0_mean_probability": 0.67397724253445,
    "final_mean_probability": 0.2436548522290708,
    "step0_mean_logit": 1.6684130907456889,
    "final_mean_logit": -1.8526676516386047,
    "final_loss": 0.2555682182312012,
    "final_reward_accuracy": null
  },
  "evaluation": {
    "validation": {
      "split": "validation",
      "n_samples": 1107,
      "accuracy": 0.17163504968383017,
      "precision": 1.0,
      "recall": 0.17163504968383017,
      "f1": 0.29298380878951424,
      "mcc": 0.0,
      "roc_auc": null,
      "mean_logit": -2.0099520581162786,
      "mean_probability": 0.2263815667345318
    },
    "test": {
      "split": "test",
      "n_samples": 1112,
      "accuracy": 0.18345323741007194,
      "precision": 1.0,
      "recall": 0.18345323741007194,
      "f1": 0.3100303951367781,
      "mcc": 0.0,
      "roc_auc": null,
      "mean_logit": -1.8733430301172578,
      "mean_probability": 0.23908082744766893
    },
    "threshold": 0.5
  },
  "base_evaluation": {
    "validation": {
      "split": "validation",
      "n_samples": 1107,
      "accuracy": 0.6711833785004516,
      "precision": 1.0,
      "recall": 0.6711833785004516,
      "f1": 0.8032432432432433,
      "mcc": 0.0,
      "roc_auc": null,
      "mean_logit": 1.4619352543295816,
      "mean_probability": 0.6550314651811926
    },
    "test": {
      "split": "test",
      "n_samples": 1112,
      "accuracy": 0.6654676258992805,
      "precision": 1.0,
      "recall": 0.6654676258992805,
      "f1": 0.7991360691144709,
      "mcc": 0.0,
      "roc_auc": null,
      "mean_logit": 1.5581493150792922,
      "mean_probability": 0.653164010906495
    },
    "threshold": 0.5
  }
}