{
  "validation": {
    "split": "validation",
    "n_samples": 1107,
    "accuracy": 0.6711833785004516,
    "precision": 1.0,
    "recall": 0.6711833785004516,
    "f1": 0.8032432432432433,
    "mcc": 0.0,
    "roc_auc": null,
    "mean_logit": 1.4619352543295816,
    "mean_probability": 0.6550314651811926
  },
  "test": {
    "split": "test",
    "n_samples": 1112,
    "accuracy": 0.6654676258992805,
    "precision": 1.0,
    "recall": 0.6654676258992805,
    "f1": 0.7991360691144709,
    "mcc": 0.0,
    "roc_auc": null,
    "mean_logit": 1.5581493150792922,
    "mean_probability": 0.653164010906495
  },
  "threshold": 0.5
}